{"GR_C0_y": [60.57888888888874, 68.48954248365996, 66.17104575163397, 71.28176470588234, 81.10490196078422, 22.989019607843126, 53.6354248366012, 77.27294117647097, 44.66647058823523, 50.52895424836606, 26.477777777777792, 55.28006535947704, 54.51313725490197, 64.13928104575153, 72.3137254901959, 72.7302614379085, 57.649411764705896, 72.98771241830076, 57.49405228758162, 63.34274509803911, 60.36019607843154, 75.0, 66.32156862745093, 74.59823529411774, 48.27215686274511, 60.49052287581704, 64.4227450980392, 58.32856209150334, 71.09679738562085, 64.52745098039233, 55.82320261437913, 56.50333333333332, 42.56333333333336, 50.8161437908496, 57.94803921568626, 58.41403669724772, 60.52209150326785, 57.91470588235293, 61.03941176470582, 63.756490066225155, 56.23032679738561, 59.10627450980378, 63.51647058823541, 55.61633986928109, 64.34431372549011, 12.116339869281015, 33.332222222222235, 63.015163398692685, 72.67013071895444, 59.65594771241829, 49.90222222222216, 56.10071895424854, 33.312875816993426, 60.31843137254891, 69.1785620915032, 68.66490196078428, 69.56006535947712, 46.56032679738557, 52.94845528455286, 27.344509803921643, 56.4684967320261, 55.510522875817, 57.687189542483644, 69.8051633986926, 71.66058823529411, 32.00375000000001, 48.77052287581688], "GR_C1_y": [57.20692810457518, 62.66816993464053, 76.8795424836598, 70.19150326797393, 41.61228758169931, 60.75575163398697, 59.322875816993616, 73.01098039215674, 59.708039215686206, 60.58679738562094, 56.5232026143791, 71.37013071895431, 56.60254901960782, 59.0614379084966, 57.541241830065324, 68.10790849673228], "GR_C2_y": [67.04437908496712, 85.19019607843144, 79.4947058823531, 73.92751633986961, 66.00869281045762, 67.92418300653614, 67.45326797385617, 72.40529411764709, 55.404117647058705, 61.38967320261445, 65.00274509803913, 52.57673202614377, 71.89444444444429, 77.40013071895397, 77.60065359477122, 84.49751633986952, 66.30222222222226, 64.30294117647064, 70.4748366013071, 80.90346405228733, 71.753071895425, 84.83098039215693, 68.66176470588225, 77.87790849673195, 68.79254901960806, 60.94359477124193, 63.023856209150296, 79.82385620915029, 52.9324183006536, 86.68450980392187, 82.67019607843119, 77.43084967320287, 71.22052287581715, 66.93000000000004, 65.50058823529423, 62.27934640522885, 76.32549019607858, 76.41928104575189, 75.73751633986953, 70.8410457516339, 59.67784313725504, 71.37640522875797, 69.48686274509811, 54.71640522875821, 58.651895424836596, 69.12967320261426, 75.39307189542501, 63.45771241830069, 83.45130718954242, 58.325490196078405, 82.97562091503265, 69.72156862745113, 76.808954248366, 80.02882352941197, 82.79235294117655, 76.05254901960801, 55.82836601307188, 75.56888888888902, 77.26352941176484, 64.27980392156874, 75.59483660130735, 70.85947712418292, 77.33732026143792, 63.05934640522867, 71.70888888888899, 61.3367973856209, 79.54915032679754, 68.65697368421043, 62.95803921568624, 68.53098039215678, 70.21424836601305, 71.8209803921568, 62.27607843137257, 67.29065359477121, 73.71732026143799, 51.76450980392164, 72.38562091503275, 67.00503267973852, 66.13725490196096], "age_C0_y": [18.6, 38.0, 29.1, 37.9, 32.4, 40.3, 18.8, 28.6, 32.4, 17.6, 17.5, 18.8, 18.3, 16.7, 38.7, 19.0, 18.7, 43.1, 43.3, 17.0, 25.4, 19.3, 19.8, 28.6, 42.8, 17.5, 46.6, 19.0, 26.3, 43.4, 29.3, 32.4, 48.2, 24.4, 43.9, 22.2, 19.2, 43.5, 19.6, 18.1, 16.4, 20.3, 28.6, 17.7, 29.1, 27.3, 15.1, 18.1, 20.4, 22.6, 36.2, 19.1, 16.8, 43.4, 19.7, 29.6, 21.5, 41.0, 23.3, 17.7, 18.0, 19.4, 32.7, 38.3, 28.2, 20.3, 17.7], "age_C1_y": [41.2, 44.4, 37.3, 42.3, 42.7, 31.4, 37.3, 38.7, 39.7, 43.2, 39.7, 46.2, 41.2, 44.5, 43.1, 31.6], "age_C2_y": [16.8, 31.9, 32.4, 27.5, 39.8, 41.8, 25.0, 25.4, 42.5, 25.8, 33.5, 44.7, 41.4, 25.7, 35.4, 32.2, 33.6, 44.0, 27.6, 28.1, 25.3, 27.6, 42.0, 23.1, 38.7, 21.1, 45.3, 22.9, 24.3, 24.9, 28.2, 20.0, 30.6, 47.9, 31.4, 23.2, 30.6, 20.0, 33.7, 26.3, 31.1, 29.0, 29.9, 37.4, 29.3, 37.6, 29.6, 22.0, 25.0, 37.9, 30.7, 23.5, 29.7, 26.5, 29.1, 25.2, 41.8, 38.2, 31.9, 43.0, 39.6, 20.3, 31.9, 18.7, 42.4, 41.2, 27.3, 45.5, 34.1, 40.1, 36.2, 16.4, 41.4, 34.0, 40.8, 35.6, 29.0, 32.6, 19.6], "mobil_C0_y": [-21.19230769230769, 0.0, 0.0, -13.7, 0.0, -2.0377777777777784, -7.93332854864547, 0.0, 0.0, -16.16822371489878, 0.0, -14.576934221007356, 0.0, 0.0, 0.0, 0.0, 0.0, 0.0, 0.0, 0.0, 0.0, 0.0, 0.0, -20.693333333333328, -11.595436781160322, 0.0, -13.168491864831035, 0.0, 0.0, -15.569239596472276, -19.31588009438604, 0.0, -8.577083333333333, -24.42222222222223, -19.66720381926314, 0.0, 0.0, -11.869577844957238, 0.0, 0.0, -13.826666666666668, 0.0, 1.7004726826273788, -17.631078253734547, 0.0, -26.418466792349463, -15.51273504273504, -22.860610321464968, 0.0, -5.506666666666668, 0.0, 0.0, 0.0, -4.335064935064935, 0.0, 0.0, 0.0, -1.6999507945430636, -24.882352941176467, -13.862562563787632, 0.0, -20.263836888435925, 0.0, -12.983664440673435, 0.0, -7.18, -8.419999999999998], "mobil_C1_y": [-43.93333333333333, -31.129753212654037, 0.0, 0.09689204974919224, -15.331688824228547, 0.0, 0.0, -34.02728135000551, -39.53333333333333, -13.226491305629235, -8.390150630232649, -42.20490680476336, -39.123287671232866, -36.82801784345904, -21.591345748841995, -35.01932889579192], "mobil_C2_y": [-34.14291023502057, -51.92566080597165, -22.251764705882355, -39.16444444444445, -52.10202528987453, -35.69222222222222, -44.021506478737386, -66.40627136697566, -25.608888888888888, -28.826783300870023, -37.30468253968254, -23.734200234774555, -21.66971928105649, -53.586988044518826, -51.69464052287582, -54.65943460546902, -40.77333333333333, -25.255938919427862, -52.6766822044081, -62.29094441051138, -30.61204733014009, -60.0064911601669, -44.345396825396826, -26.95300071789506, -35.85365853658537, -23.38444444444445, -26.21613467779323, -48.04289073459997, -29.744386024607028, -54.71895441361178, -27.283600891503113, -26.82, -30.46966523343689, -47.330255497678365, -40.82999538485107, -48.607864094001776, -23.88444444444445, -22.23719018385966, -48.4526984126984, -33.52239500604293, -34.52025691834764, -21.597546089986004, -34.182267689684565, -62.811657354563856, -41.523893612219645, -34.86888888888889, -60.96222222222222, -32.95909728164025, -29.50144927536232, -41.52170788258967, -24.635800325874072, -25.040858906525568, -63.07111111111111, -42.16602391685448, -60.09354091424353, -36.7453216374269, -26.12895936340659, -48.19640560670596, -37.60888888888889, -33.080047764627416, -20.055555555555557, -37.073121693121685, -41.5006548091084, -29.45524456179177, -19.301538461538463, -26.532214838853694, -38.27307993966817, -44.510926395389774, -38.52195121951221, -29.371111111111112, -43.4088888888889, -37.31887520713102, -21.086666666666666, -37.28645833333333, -26.24983044904183, -38.64799928382892, -46.00222222222222, -21.40621533756409, -39.289466481346395],